name,x,y
gitlab/remram44/taguette,4.4492216,4.456736
gitlab/metafundev/metafun,52.031113,-11.847161
gitlab/gims-developers/gims,-7.310545,42.56125
gitlab/BioimageInformaticsGroup/openphi,18.347353,20.346956
gitlab/jason-rumengan/pyarma,5.616757,36.376736
gitlab/ffaucher/hawen,-6.9974766,39.611156
gitlab/pyFBS/pyFBS,-49.14509,7.9046454
gitlab/vincent-sater/umigen,-11.799051,-1.439171
gitlab/cosmograil/PyCS3,-2.611682,32.291245
gitlab/magnumpi/magnumpi,31.484385,29.000246
gitlab/ChemBioHub/tpmap,-1.2343901,-10.484154
gitlab/davidtourigny/dynamic-fba,38.232357,11.943623
gitlab/mainlabwsu/bims,53.873104,-12.148407
gitlab/picos-api/picos,-22.976536,28.40344
gitlab/chiemotono/mdcontactcom,-12.548146,1.251644
gitlab/project-dare/dare-platform,-18.0453,13.761387
gitlab/fduchate/predihood,21.307295,4.9683704
gitlab/ztzou/phydl,48.469025,-1.6343396
gitlab/libreumg/dataquier,-6.5293865,-25.47326
gitlab/cracklet/cracklet,-12.315973,38.934845
gitlab/vibes-developers/vibes,-22.161037,37.299107
gitlab/emd-dev/emd,14.401358,22.800613
gitlab/geekysquirrel/bigx,3.0465326,4.61246
gitlab/ampere2/metalwalls,28.163666,31.468624
gitlab/LouisLab/PiVR,-49.673786,8.487366
github/VU-BEAM-Lab/GENRE,-27.335232,30.158192
github/genner-lab/meta-fish-lib,10.082474,-10.999011
github/ropensci/randgeo,-28.6139,-30.088974
github/ropensci/historydata,-19.911573,-36.51624
github/ropensci/c14bazAAR,1.7120355,-36.054073
github/ropensci/tokenizers,-36.305428,-17.425417
github/ropensci/rtika,-4.80609,-29.928574
github/ropensci/treebase,-7.165133,-18.454319
github/ropensci/zbank,-5.954098,-34.78218
github/ropensci/opencage,-15.985247,-34.67061
github/ropensci/nbaR,-30.547623,-26.28664
github/ropensci/parzer,-16.277544,-36.812737
github/ropensci/magick,-11.0749855,-22.054066
github/ropensci/bib2df,-12.335925,-27.348396
github/ropensci/getlandsat,-14.087456,-36.22747
github/ropensci/drake,-17.53604,-21.91463
github/ropensci/oai,-19.083363,-29.500721
github/ropensci/essurvey,-44.14947,-17.412718
github/ropensci/paleobioDB,-32.02162,-27.444168
github/ropensci/RSelenium,-4.774083,-27.819607
github/ropensci/rAvis,-4.6627564,-37.312916
github/ropensci/rgnparser,4.1196127,-33.24058
github/ropensci/unrtf,46.859756,-14.598728
github/ropensci/rdatacite,-15.663953,-30.510971
github/ropensci/qpdf,37.74657,-14.531426
github/ropensci/plater,-29.547771,-13.13966
github/ropensci/gistr,-19.292145,-25.212223
github/ropensci/DataPackageR,-20.878828,-22.576513
github/ropensci/rfema,-28.140154,-34.842407
github/ropensci/webmockr,-32.52778,-21.228413
github/ropensci/antanym,-32.62824,-29.804703
github/ropensci/rfigshare,-19.817629,-25.330347
github/ropensci/phylogram,-8.54473,-19.023726
github/ropensci/rgpdd,1.800642,-35.133785
github/ropensci/mapscanner,-35.001663,-18.1296
github/ropensci/DoOR.functions,-19.95467,-11.097052
github/ropensci/outcomerate,-34.3755,-12.756808
github/ropensci/chlorpromazineR,-51.293804,-6.2827787
github/ropensci/stats19,-34.714752,-32.95804
github/ropensci/natserv,-16.241343,-32.057735
github/ropensci/ritis,-32.821793,-23.457775
github/ropensci/geonames,-36.237446,-28.69175
github/ropensci/ckanr,-33.101646,-22.8151
github/ropensci/finch,-6.613747,-34.487114
github/ropensci/beastier,-43.20289,-11.899167
github/ropensci/fingertipsR,-38.39853,-21.185768
github/ropensci/beautier,-53.895016,0.37172788
github/ropensci/handlr,-25.159885,-24.431398
github/ropensci/tarchetypes,-58.2614,-0.16179517
github/ropensci/ecoengine,-30.116543,-27.619587
github/ropensci/refimpact,-10.0987625,-34.392357
github/ropensci/rcrossref,-25.276033,-27.499073
github/ropensci/rnaturalearthhires,36.516678,-16.114044
github/ropensci/rvertnet,-30.569845,-27.739487
github/ropensci/mctq,-50.943478,-4.2857823
github/ropensci/rcitoid,2.728694,-33.14353
github/ropensci/lingtypology,-33.911804,-31.676054
github/ropensci/lightr,-18.34616,-19.3554
github/ropensci/DoOR.data,-59.95281,2.773285
github/ropensci/nomisr,-36.359432,-26.214327
github/ropensci/UCSCXenaTools,-5.830626,-16.761919
github/ropensci/gitignore,-15.130355,-26.384003
github/ropensci/ots,-24.901955,-40.09986
github/ropensci/jenkins,44.78629,-12.055404
github/ropensci/GSODR,-28.855253,-38.41625
github/ropensci/eia,-38.701237,-23.160341
github/ropensci/wellknown,-29.132664,-29.988125
github/ropensci/wateRinfo,-38.847645,-26.455965
github/ropensci/nodbi,-12.908213,-31.517784
github/ropensci/rgbif,-18.406994,-31.495638
github/ropensci/rnpn,-28.393291,-36.220898
github/ropensci/textreuse,-44.12658,-6.290904
github/ropensci/ijtiff,-10.068142,-22.481329
github/ropensci/opencontext,-18.207674,-35.21435
github/ropensci/BaseSet,-53.33667,-0.72315174
github/ropensci/fulltext,-19.958054,-28.822788
github/ropensci/allodb,-32.177246,-17.503044
github/ropensci/crul,-32.54282,-21.407454
github/ropensci/av,-9.7821865,-22.55649
github/ropensci/wdman,-25.291014,-17.823706
github/ropensci/outsider.devtools,-25.105602,-14.160476
github/ropensci/DataSpaceR,-5.5914135,-25.007696
github/ropensci/rcol,-17.210724,-31.181627
github/ropensci/skynet,-24.051235,-33.254845
github/ropensci/osmplotr,-44.213326,-20.886158
github/ropensci/citecorp,-5.487294,-33.049133
github/ropensci/mapr,-19.760601,-32.740543
github/ropensci/treedata.table,-45.922962,-12.9425535
github/ropensci/rrricanes,-31.750206,-35.932026
github/ropensci/neotoma,-21.375486,-35.44832
github/ropensci/dbhydroR,-25.282356,-37.978363
github/ropensci/stplanr,-34.060894,-32.979168
github/ropensci/rbhl,-26.339485,-27.494581
github/ropensci/namext,38.20204,-15.444673
github/ropensci/weathercan,-29.339712,-37.89169
github/ropensci/conditionz,-9.3457155,-28.70311
github/ropensci/opencv,3.5597167,-29.906158
github/ropensci/hunspell,-16.98023,-25.161493
github/ropensci/pendulum,-9.040734,-28.538418
github/ropensci/robotstxt,-26.522226,-18.966797
github/ropensci/landscapetools,0.35948268,-39.117725
github/ropensci/awardFindR,-22.046549,-31.019627
github/ropensci/rdataretriever,0.21116598,-24.491611
github/ropensci/targets,-39.783882,-6.5345364
github/ropensci/ghql,-13.602677,-32.161617
github/ropensci/dbparser,-39.5547,-1.6875569
github/ropensci/osmextract,-43.013824,-21.29231
github/ropensci/grainchanger,-43.62229,-23.082947
github/ropensci/stantargets,-51.349155,-2.1034014
github/ropensci/rrlite,1.9302818,-30.683971
github/ropensci/bold,-27.584906,-25.42904
github/ropensci/rperseus,-2.1294436,-31.56149
github/ropensci/Rpolyhedra,-6.3215756,8.2875595
github/ropensci/taxadb,-29.16523,-25.645487
github/ropensci/mregions,-31.537457,-29.14748
github/ropensci/spatsoc,-55.410748,0.4269772
github/ropensci/arkdb,-7.4826827,-30.035854
github/ropensci/tacmagic,-50.68508,-5.806436
github/ropensci/aRxiv,-16.683556,-30.452
github/ropensci/rotl,-28.67333,-24.07649
github/ropensci/hoardr,-12.545647,-30.547773
github/ropensci/codemetar,-6.794043,-31.448816
github/ropensci/rusda,-43.752655,-14.636826
github/ropensci/scrubr,-31.323145,-28.354677
github/ropensci/mcbette,-43.369457,-11.927529
github/ropensci/rsnps,-5.877132,-16.551634
github/ropensci/ezknitr,-9.703801,-18.62256
github/ropensci/camsRad,-23.560032,-41.244373
github/ropensci/treestartr,-43.200085,-13.860559
github/ropensci/pangaear,-4.0108395,-34.892284
github/ropensci/bomrang,-21.503677,-40.38091
github/ropensci/graphql,48.306637,-13.512004
github/ropensci/popler,-36.079514,-25.624777
github/ropensci/tiler,-29.576315,-32.579815
github/ropensci/staypuft,-15.258705,-28.75001
github/ropensci/prism,-42.75477,-23.553896
github/ropensci/geojsonio,-15.816413,-36.54001
github/ropensci/webchem,-8.855672,-34.31924
github/ropensci/USAboundaries,-43.676228,-22.23515
github/ropensci/riem,-20.56826,-41.010693
github/ropensci/microdemic,-2.472379,-33.994106
github/ropensci/EML,0.8713353,-33.7656
github/ropensci/timefuzz,1.631698,-32.14322
github/ropensci/biomartr,-38.9066,-2.9305105
github/ropensci/tesseract,-8.477182,-23.382612
github/ropensci/infx,-28.178535,-18.176472
github/ropensci/europepmc,-2.0436213,-34.10327
github/ropensci/tradestatistics,-25.375702,-36.898262
github/ropensci/outsider,-24.766125,-13.658796
github/ropensci/pdftools,3.072773,-30.326187
github/ropensci/rplos,-22.160877,-28.088366
github/ropensci/comtradr,-38.47712,-25.436195
github/ropensci/MODISTools,-26.337172,-36.017365
github/ropensci/PostcodesioR,-16.272848,-35.639885
github/ropensci/dataspice,-12.592277,-34.322384
github/ropensci/outsider.base,-25.626251,-14.439194
github/ropensci/rmangal,-17.340881,-33.380016
github/ropensci/visdat,-15.468507,-21.254103
github/ropensci/trufflesniffer,-9.169504,-31.829044
github/ropensci/taxview,-0.9610068,-35.856724
github/ropensci/roadoi,-4.210448,-33.433594
github/ropensci/tic,-20.615793,-23.114109
github/ropensci/spocc,-30.508717,-28.159925
github/ropensci/qualtRics,-30.235348,-35.43449
github/ropensci/osmdata,-34.2512,-29.951773
github/ropensci/suppdata,-2.4642243,-35.920547
github/ropensci/colocr,-20.336218,-11.291334
github/ropensci/rWBclimate,-55.73319,1.4019555
github/ropensci/gutenbergr,-36.930164,-19.085817
github/ropensci/hydroscoper,-27.404034,-38.15886
github/ropensci/phylocomr,-43.950302,-12.359124
github/ropensci/terrainr,-15.243411,-37.096542
github/ropensci/photosearcher,-31.747694,-32.506535
github/ropensci/plotly,-9.196866,-26.084295
github/ropensci/cyphr,-37.744102,-16.114622
github/ropensci/geojsonlint,-18.80729,-32.96962
github/ropensci/skimr,-16.47812,-22.323883
github/ropensci/jsonld,-5.894911,-31.112385
github/ropensci/ruODK,-13.23338,-34.412987
github/ropensci/git2rdata,-37.262054,-15.740933
github/ropensci/cleanEHR,-37.08407,-24.396137
github/ropensci/taxize,-27.976803,-26.216225
github/ropensci/rorcid,-25.13045,-27.036877
github/ropensci/rdflib,-14.096279,-29.105972
github/ropensci/pathviewr,-49.291626,-7.680492
github/ropensci/gittargets,-39.568535,-6.6943283
github/ropensci/bowerbird,-24.228254,-39.061283
github/ropensci/iheatmapr,-42.444664,-4.9302344
github/ropensci/tidypmc,-23.901308,-10.317551
github/ropensci/rnaturalearthdata,36.208717,-16.407915
github/ropensci/onekp,-0.8311763,-36.15526
github/ropensci/wikitaxa,-17.782497,-30.378622
github/ropensci/rdhs,-37.94588,-25.5601
github/ropensci/hddtools,-22.025286,-39.418774
github/ropensci/pixelclasser,-42.10044,-5.7810674
github/ropensci/refsplitr,-23.853415,-33.018322
github/ropensci/jsonvalidate,-23.240536,-24.642569
github/ropensci/nasapower,-22.851528,-40.856644
github/ropensci/circle,-22.883911,-23.320295
github/ropensci/rnassqs,-28.23345,-34.815826
github/ropensci/RefManageR,-20.253586,-26.670938
github/ropensci/rnoaa,-21.540821,-41.017178
github/ropensci/rzmq,-25.424778,-18.15173
github/ropensci/taxlist,-45.10939,-13.70678
github/ropensci/seasl,-19.09145,-27.082693
github/ropensci/CoordinateCleaner,-45.275253,-17.949564
github/ropensci/antiword,46.497765,-14.938355
github/ropensci/cRegulome,-18.744207,-10.278683
github/ropensci/googleLanguageR,-4.7609444,-28.464907
github/ropensci/taxa,-29.438288,-24.360153
github/ropensci/rppo,-19.377901,-34.546642
github/ropensci/nlrx,-41.314754,-12.955015
github/ropensci/assertr,-43.010212,-7.276159
github/ropensci/rebird,-44.686554,-18.783922
github/ropensci/rinat,-32.554043,-27.11395
github/ropensci/cffr,-24.553947,-20.585127
github/ropensci/internetarchive,-36.75895,-20.584646
github/ropensci/elastic,-22.425098,-27.05913
github/ropensci/bibtex,-48.849903,-2.2590697
github/ropensci/spelling,-3.5212922,-31.465305
github/ropensci/rdefra,-20.990622,-39.913555
github/ropensci/phonfieldwork,-21.105463,-13.362979
github/ropensci/excluder,-57.77817,1.247492
github/ropensci/datapack,-38.889984,-14.356902
github/ropensci/baRcodeR,-32.66317,-15.043688
github/ropensci/virtuoso,0.44091332,-33.231583
github/ropensci/pubchunks,-12.132754,-27.966215
github/ropensci/xslt,50.231136,-15.319109
github/ropensci/cld3,36.982723,-13.929297
github/ropensci/rsat,-31.20648,-33.324017
github/ropensci/dataaimsr,-41.900215,-24.353415
github/ropensci/rfishbase,-46.742847,-13.074926
github/ropensci/rerddap,-24.322445,-40.249725
github/ropensci/cchecks,-33.947544,-21.648697
github/ropensci/git2r,-24.133205,-19.040867
github/ropensci/tabulizer,-21.812267,-20.648073
github/ropensci/rdryad,-4.737025,-34.16294
github/ropensci/osfr,-7.905808,-31.113073
github/ropensci/fauxpas,-23.903101,-24.053589
github/ropensci/tidync,-26.388872,-40.340652
github/ropensci/writexl,37.716976,-14.744807
github/ropensci/slopes,-33.98375,-33.437874
github/ropensci/ramlegacy,-40.541233,-22.310406
github/ropensci/rglobi,-30.037167,-25.933144
github/ropensci/sofa,-24.060593,-26.10742
github/ropensci/rrricanesdata,-32.011803,-35.964573
github/ropensci/chirps,-28.263021,-36.849655
github/ropensci/bittrex,-49.991165,0.03428905
github/ropensci/patentsview,-7.558657,-32.527416
github/ropensci/coder,-35.159256,-14.914216
github/ropensci/epubr,-37.40225,-17.611809
github/ropensci/bikedata,-41.78769,-21.677313
github/ropensci/brranching,-28.647533,-24.72038
github/ropensci/SymbiotaR2,-28.940517,-27.825932
github/ropensci/AntWeb,-4.8473067,-37.45366
github/ropensci/rcoreoa,-24.083866,-27.395178
github/ropensci/rromeo,-42.733765,-19.781433
github/ropensci/jagstargets,-57.966557,-0.39543974
github/ropensci/citesdb,-4.15994,-36.409348
github/ropensci/cde,-45.06597,-19.985865
github/ropensci/jqr,-22.639647,-25.12992
github/ropensci/medrxivr,-21.436352,-30.312233
github/ropensci/RNeXML,-8.211277,-18.989279
github/ropensci/phylotaR,-25.921661,-9.675361
github/ropensci/traits,-5.479437,-35.71598
github/ropensci/worrms,-31.349285,-24.64517
github/ropensci/tinkr,-3.2855785,-31.768185
github/ropensci/censo2017,-22.627869,-34.264263
github/ropensci/rnaturalearth,-43.9067,-21.665115
github/ropensci/NLMR,-16.834799,-14.844699
github/ropensci/getCRUCLdata,-28.65536,-38.690933
github/ropensci/helminthR,-20.566204,-34.496838
github/ropensci/opentripplanner,-33.24049,-32.491245
github/ropensci/USAboundariesData,1.6879113,-37.434635
github/ropensci/rcites,-20.859915,-34.13885
github/ropensci/EndoMineR,-34.7352,-15.096628
github/ropensci/isdparser,-27.758509,-39.461884
github/ropensci/emld,-0.56703043,-32.887737
github/ropensci/FedData,-27.587534,-36.8182
github/ropensci/tracerer,-22.710667,-15.316445
github/ropensci/charlatan,-18.692492,-25.379
github/ropensci/taxizedb,-29.316387,-26.431135
github/ropensci/piggyback,-19.542164,-24.202536
github/ropensci/solrium,-23.554037,-26.965572
github/ropensci/tif,-36.185978,-17.202255
github/ropensci/restez,-24.541046,-11.573291
github/ropensci/chromer,-0.65917957,-34.971626
github/ropensci/rAltmetric,-3.584556,-33.22574
github/ropensci/addressable,0.9505858,-31.934923
github/ropensci/MtreeRing,-10.5478115,-23.344553
github/ropensci/mauricer,-21.826748,-15.566829
github/ropensci/rfisheries,-3.8353152,-37.806126
github/ropensci/MODIStsp,-30.290863,-33.44844
github/ropensci/ssh,2.0427203,-30.405432
github/ropensci/rbace,-14.099082,-30.794903
github/ropensci/rentrez,-21.45083,-28.682562
github/ropensci/vcr,-32.28903,-21.284843
github/ropensci/gtfsr,-32.8262,-31.870983
github/ropensci/babette,-22.623453,-15.271212
github/ropensci/binman,-20.79522,-24.005886
github/ropensci/clifro,-37.497936,-28.461563
github/ropensci/rtweet,-15.784375,-34.26085
github/ropensci/smapr,-23.0916,-39.252136
github/ropensci/katex,-8.453409,-27.841286
github/ropensci/cld2,36.448704,-13.564071
github/ropensci/dittodb,-11.873895,-31.82949
github/ropensci/tidyhydat,-22.404184,-39.927673
github/ropensci/rredlist,-31.707123,-26.127851
github/ropensci/exoplanets,-2.7824497,-36.86484
github/ropensci/jstor,-12.577088,-27.116837
github/ropensci/workloopR,-49.70491,-7.035532
github/ropensci/Rclean,3.5936556,-31.707758
github/andreasmang/claire,-6.5841007,39.285847
github/HCGB-IGTP/XICRA,-11.711533,-2.9282916
github/davidhoksza/MolArt,-18.675358,10.983255
github/davidhoksza/traveler,-4.6856627,-8.114664
github/IMB-Computational-Genomics-Lab/scGPS,-29.697159,-8.292523
github/bramvandijk88/cacatoo,38.466545,9.465212
github/ropenscilabs/allcontributors,-38.724556,-18.279203
github/ropenscilabs/r2readthedocs,-19.979162,-21.43868
github/ropenscilabs/qcoder,-10.956336,-24.037977
github/ropenscilabs/gendercoder,-16.675903,-24.145498
github/lrnv/cort,-16.345037,-15.583839
github/eEcoLiDAR/laserchicken,23.189901,23.178944
github/odb9402/CNNPeaks,9.218158,-6.107048
github/tensorflow/tensorflow,-5.199789,20.435259
github/niceume/datasailr,-7.389642,-27.727453
github/UNSW-CEEM/nempy,-1.1724963,19.00395
github/JSB-UCLA/scPNMF,-15.601635,-10.539781
github/rgmyr/corebreakout,22.094519,15.484603
github/siara-cc/Unishox2,-15.579157,20.99338
github/AlexanderBartholomaeus/smORFer,-12.114411,-1.9105623
github/statsmodels/statsmodels,7.350155,26.056755
github/sheryl-ai/MetaPred,37.07812,3.128068
github/neuroanatomy/reorient,34.070843,8.8904505
github/SirSharpest/NarrowEscapeSimulator,22.732304,28.65228
github/Narayana-Rao/SAR-tools,-28.622211,31.563965
github/horovod/horovod,-4.0167274,20.30499
github/jasonyangshadow/lpmx,3.7250848,-1.2804658
github/phenology/cgc,23.549782,23.488356
github/SwissClinicalTrialOrganisation/secuTrialR,-14.370791,-22.396467
github/KALMUS-Color-Toolkit/KALMUS,-4.767364,15.240738
github/kuadrat/data_slicer,16.157745,23.787668
github/carlosborca/CrystaLattE,39.303257,13.107409
github/rodluger/starry_process,11.927429,35.22554
github/econ-ark/HARK,25.605131,27.684326
github/matplotlib/matplotlib,-8.160877,25.316784
github/yanzhanglab/Graph2GO,52.49038,-3.8427372
github/xenon-middleware/pyxenon,-14.39629,16.23491
github/xenon-middleware/xenon,-14.646637,16.252735
github/mzy2240/ESA,21.64459,29.57198
github/Planet-AI-GmbH/tfaip,13.431881,17.344143
github/JuliaLang/julia,-17.990332,24.520706
github/donaldRwilliams/BGGM,-49.643097,-2.3721497
github/donaldRwilliams/GGMnonreg,-38.73883,-9.517103
github/nextgenusfs/funannotate,-10.676766,-3.9288547
github/SWE-UniStuttgart/Qlunc,-5.245322,30.963348
github/Theano/Theano,56.452496,-2.1555154
github/raspishake/rsudp,12.425629,28.383905
github/arabic-digital-humanities/adhtools,31.85107,3.0947838
github/caselawanalytics/CaseLawAnalytics,42.019615,-11.373806
github/VNNikolaidis/nnlib2Rcpp,-10.59679,18.158916
github/ghislainv/forestatrisk,2.812312,20.18441
github/jeffcsauer/arcos_arcospy_information,1.3419914,-23.405203
github/fair-software/howfairis,-19.362425,15.924529
github/fair-software/fairtally,25.486082,2.8347547
github/KBNLresearch/ochre,19.767267,9.800654
github/mmahmoudian/sivs,20.080664,-15.171286
github/vavrines/Kinetic.jl,-13.193681,37.970608
github/MRCIEU/metaboprep,-46.283035,-4.0575414
github/GRChombo/GRChombo,39.304096,11.171078
github/jbytecode/JMcDM,6.854843,28.476398
github/jbytecode/LinRegOutliers,4.681899,26.336073
github/lumen-org/lumen,1.0125436,15.241016
github/abs-tudelft/variant-calling-at-scale,14.580526,-5.7006907
github/ipython/ipython,-8.250631,24.56666
github/zhoux85/scAdapt,38.213894,2.7766469
github/CGAL/cgal,-20.827738,25.412912
github/gijut/gnucash,0.9414451,13.067217
github/cbrueffer/tophat-recondition,14.401571,-8.043745
github/thomgrand/fim-python,15.401408,36.02108
github/bluesky/bluesky,-9.2769165,25.384035
github/r-lib/gert,-19.441225,-23.158478
github/r-lib/credentials,-9.927292,-30.499071
github/tortellini-tools/action,25.601545,-0.34024164
github/malonge/RagTag,48.871674,-6.1930294
github/NMBU-Data-Science/RENT,19.303082,14.191701
github/rinikerlab/Ensembler,25.602985,30.56434
github/wvanzeist/riroriro,-49.99265,7.4199805
github/champsproject/ldds,-10.100548,37.912273
github/OrlandoLam/SAMT,-5.6610584,-36.739532
github/NielsenBerkeleyLab/sconce,2.9371457,-11.334475
github/dpalmasan/TRUNAJOD2.0,9.983552,17.408594
github/potassco/clingo,-17.434896,22.440826
github/sahasuparna/DeMoS,55.25328,-11.191068
github/DynaSlum/satsense,22.735935,23.556606
github/clawpack/clawpack,23.899899,29.912334
github/clawpack/pyclaw,15.461686,34.614983
github/jonschwenk/RivGraph,0.44731683,22.946596
github/eweitz/ideogram,3.8114836,-2.5147097
github/equib/pyEQUIB,-50.109844,6.866021
github/JuliaOpt/JuMP.jl,-17.399721,25.706339
github/rauschenberger/joinet,-15.22576,-15.713234
github/fermisurfaces/IFermi,-19.529222,37.08823
github/Single-Cell-Graph-Learning/scSGL,54.05334,-5.9858694
github/shaniAmare/long_read_tools,19.706161,-9.795701
github/vibbits/phyd3,52.198204,-8.644022
github/optuna/optuna,11.724967,20.006454
github/Sulstice/cocktail-shaker,31.246742,28.932106
github/alvinxhan/Phydelity,41.494644,4.514797
github/hillerlab/GenomeAlignmentTools,-8.86117,-3.203816
github/grburgess/popsynth,-18.554504,30.264006
github/nf-core/mag,2.9957783,-6.6244097
github/idptools/metapredict,-14.279129,2.7609637
github/SPARC-FAIR-Codeathon/aqua,-1.2307253,6.6711907
github/morphometry/papaya2,22.206621,21.357063
github/dstansby/pfsspy,10.367289,33.021145
github/glotzerlab/coxeter,16.669022,36.797867
github/AlgoLab/shark,42.148212,-1.0339676
github/mlpack/mlpack,17.924936,17.190361
github/CLARIAH/grlc,11.301521,10.589357
github/fitbenchmarking/fitbenchmarking,-7.418831,36.82194
github/JunTaoLuo/mctreesearch4j,-12.783897,31.886623
github/pymc-devs/pymc3,7.8838825,23.646887
github/rgerum/pylustrator,15.835028,23.857796
github/ezer/PAFway,-31.290295,-7.675764
github/CrowdTruth/CrowdTruth,7.3049374,7.7748737
github/deeprob/ThioesteraseEnzymeSpecificity,50.862926,-4.1092706
github/interactivereport/OmicsView0,-19.602642,12.934505
github/pangeo-data/climpred,-11.406834,27.601698
github/montilab/nf-gwas-pipeline,-2.4742448,-13.216589
github/ChengF-Lab/AOPEDF,46.848534,-0.79323316
github/abrupt-climate/hyper-canny,-22.45495,22.405321
github/bempp/bempp-cl,15.809456,35.51098
github/HajkD/LTRpred,-26.2971,-8.0202875
github/qpv-research-group/solcore5,-20.56549,36.332943
github/climate-machine/Oceananigans.jl,-13.318927,37.64239
github/logological/gpp,18.81381,21.367344
github/hemanthpruthvi/PyAstroPol,0.57080394,29.813417
github/pratheesh3780/grapesAgri1,-37.268814,-13.0249815
github/optimusmoose/jsms,3.4380229,3.2491386
github/brainets/frites,10.36987,21.872723
github/e-mental-health/orange-hackathon,30.87289,3.6380973
github/e-mental-health/data-processing,31.462948,3.0197673
github/mlr-org/mcboost,-34.902615,-7.8320856
github/rhenkin/visxhclust,-21.34916,-10.57289
github/intelligent-soft-robots/o80,-24.789345,25.899338
github/genotoul-bioinfo/dgenies,5.207314,-1.0427659
github/tbep-tech/tbeptools,-25.076168,-35.66094
github/matchms/matchms,16.610188,10.805434
github/matchms/ms2deepscore,25.321047,11.902187
github/wesleyburr/subMaldi,-31.938236,-11.522969
github/bhi-kimlab/StressGenePred,40.97725,1.6796982
github/elkebir-group/Jumper,8.722197,-7.8895884
github/linqs/psl,51.377518,-9.647128
github/phelelani/nf-rnaSeqCount,2.7706337,-5.791317
github/phelelani/nf-rnaSeqMetagen,2.8859432,-5.680763
github/lcpp-org/RustBCA,-9.565219,40.18734
github/JuliaManifolds/Manopt.jl,-23.719885,28.107044
github/PyPSA/atlite,17.141163,28.035906
github/sorenwacker/ProteomicsQC,1.849003,3.0313547
github/Sydney-Informatics-Hub/OmixLitMiner,-4.679797,-13.775678
github/AlexMikes/AutoFunc,19.863039,12.819953
github/hongli-ma/RNANetMotif,58.91656,-13.60077
github/DSIMB/medusa,19.253912,-7.4915004
github/quadram-institute-bioscience/dadaist2,3.2119935,-7.946721
github/ElectionDataAnalysis/electiondata,1.4388483,-23.20887
github/cas-bioinf/rboAnalyzer,0.242117,-7.707384
github/ivadomed/ivadomed,-2.4879258,22.991121
github/NCIP/visda,53.69574,-15.764752
github/jessecambon/tidygeocoder,-42.63662,-20.268898
github/gokalpcelik/ROHMMCLI,57.076263,-13.799745
github/ShixiangWang/sigminer,-28.52911,-9.499957
github/KathrynJones1/catwoman,0.32986268,34.530113
github/nedRad88/SCALAR,7.270823,8.730531
github/numpy/numpy,-9.855146,25.683163
github/enveda/RPath,34.88947,2.0604086
github/linksmart/thing-directory,-15.8143015,18.382624
github/wilkelab/Opfi,10.465151,-8.752422
github/tzhu-bio/UMI-ATAC-seq,45.471394,-3.5884585
github/surf-eds/one-button-compute,18.759447,0.45951512
github/wmglab-duke/ascent,-7.480145,41.38112
github/ZJUFanLab/scTITANS,17.729654,-4.582522
github/RiccardoBiondi/segmentation,-2.257468,23.067093
github/bootphon/phonemizer,-6.1587877,20.977116
github/radifar/PyPLIF-HIPPOS,-21.561678,38.77452
github/rajewsky-lab/novosparc,28.198431,22.478088
github/yiwenstat/MCPCA_PopGen,43.593613,2.2226713
github/oschwengers/platon,9.253127,-9.130041
github/oschwengers/referenceseeker,0.54808414,-6.2284408
github/oschwengers/bakta,0.30705485,-6.2718935
github/mathworks/Simscape-Medical-Ventilator,28.876663,9.824541
github/QZH2022/germline_flow,57.093296,-11.474903
github/HorvathLab/ReQTL,7.203692,-10.532323
github/atomneb/AtomNeb-py,-29.100485,32.53562
github/0x0f0f0f/Metatheory.jl,-24.62255,22.075363
github/SJTU-CGM/ivTerm,-19.112642,-8.623746
github/adbar/htmldate,8.215518,13.1659
github/fury-gl/fury,-13.2256,25.58154
github/joergbuchwald/joss_ogs6py_VTUinterface,15.978417,33.331882
github/labsyspharm/minerva-story,20.366295,7.5392103
github/Dfam-consortium/RepeatModeler,9.762386,-9.582536
github/nlesc-dirac/sagecal,22.95459,17.317226
github/c-martinez/BeyondTheBook,60.26798,-15.079759
github/potree/PotreeConverter,8.703854,9.671761
github/numba/numba,-16.011412,24.173447
github/cadop/seg1d,25.014688,17.398197
github/geopandas/geopandas,16.279924,26.692509
github/vfonov/DARQ,24.836834,12.314588
github/r-spatial/rgee,-14.288617,-37.249382
github/MD-Studio/cerise,4.429417,10.921616
github/MD-Studio/cerulean,11.222669,8.717887
github/MD-Studio/MDStudio,22.655638,1.3864591
github/MichaelSel/edoJS,22.705313,-3.1537414
github/equipeGST/RiboDoc,-2.6506062,-11.9370365
github/oneilsh/tidytensor,-33.166443,-6.1590266
github/snowformatics/macrobot,5.470212,19.813263
github/saeyslab/nichenetr,-43.86555,-3.035467
github/saeyslab/PeacoQC,-30.444813,-12.448514
github/saeyslab/CytoNorm_Figures,-16.627226,-9.577269
github/jacobmerson/model-traits,27.847395,30.014711
github/afeinstein20/stella,32.92949,12.799432
github/OpenDA-Association/OpenDA,39.034225,10.976893
github/zhouzilu/DENDRO,-14.918647,-9.721249
github/kadyb/rgugik,-33.094,-33.410534
github/Peppags/CNN-SVR,49.355423,0.17189491
github/linbox-team/linbox,51.68569,-14.981114
github/skovaka/UNCALLED,-11.052804,-1.0551325
github/FastMLC/fMLC,-3.3240666,-9.645528
github/MoreiraLAB/or,36.21798,-0.9937088
github/MoreiraLAB/mensadb-open,35.96916,-1.739396
github/he2016012996/CABnet,55.050533,-3.7972884
github/ESMValGroup/ESMValTool,29.623503,20.20438
github/ESMValGroup/ESMValCore,-5.124179,28.859802
github/hall-lab/bamkit,58.951508,-13.112421
github/BMILAB/scLINE,33.466667,-5.589735
github/landlab/landlab,17.182858,29.39877
github/david-barnett/microViz,-37.0858,-7.652933
github/churchmanlab/genewalk,-4.7833033,-10.988014
github/multiply-org/sar-pre-processing,-10.775576,12.693226
github/wadpac/GGIR,-31.201618,-13.567241
github/EcoJulia/Microbiome.jl,7.8915987,35.958057
github/EcoJulia/EcologicalNetworks.jl,29.284073,25.83104
github/EcoJulia/SimpleSDMLayers.jl,33.069122,21.040203
github/ropensci-org/pkgreviewr,-10.467092,-32.177444
github/ropensci-org/roblog,-1.5801861,-30.570736
github/ropensci-org/rotemplate,-28.986172,17.118002
github/csdms/bmi,-15.399118,33.92592
github/JohannesBuchner/BXA,-2.726064,33.012478
github/twosixlabs/magicwand-datatool,2.1104593,6.936475
github/openscm/openscm-twolayermodel,16.81692,30.752043
github/openjournals/joss,24.726505,1.5592633
github/akcochrane/TEfits,-40.215424,-9.606098
github/egonw/bacting,20.81964,2.2970705
github/tud-hri/travia,5.6809483,21.420668
github/IFB-ElixirFr/edam-browser,59.789383,-14.335703
github/amrex-astro/Castro,-25.012848,31.183199
github/meinardmueller/synctoolbox,23.552557,16.822971
github/meinardmueller/libfmp,12.012911,22.002169
github/GunzIvan28/rMAP,4.8569274,-8.111799
github/MDAnalysis/mdanalysis,23.080618,32.90505
github/shirtsgroup/physical_validation,-10.1484165,41.198727
github/ouyang-lab/PRAS,-7.3920937,-6.578478
github/eucp-project/storyboards,1.8145454,18.227098
github/eucp-project/atlas,1.755576,18.084951
github/zdelrosario/py_grama,9.182537,24.72995
github/virgesmith/neworder,10.599438,27.185781
github/asmusskar/ALVA,-27.857128,31.901276
github/entangled/entangled,-16.947487,21.027712
github/isoverse/isoreader,-39.918003,-16.694147
github/Materials-Consortia/optimade-python-tools,5.1326985,8.864809
github/diCenzo-GC/Tn-Core-webserver,-0.51011753,-10.80134
github/FAIR-data-for-CAPACITY/FHIR-to-CAPACITY,43.67352,-9.790359
github/martin3141/spant,-32.271965,-12.313738
github/bethgelab/foolbox,-4.8414197,22.416714
github/mpc-bioinformatics/CalibraCurve,49.81958,-7.2384496
github/kkrismer/scansite4,38.650505,-1.4519824
github/BenMql/coral,24.142448,29.815042
github/wdecoster/nanopack,47.021976,-4.402219
github/parallelwindfarms/byteparsing,28.642303,4.678015
github/JungleComputing/rocket,54.316837,-14.312114
github/JuliaOcean/AIBECS.jl,8.882324,39.572536
github/Alcampopiano/hypothesize,-48.77276,-0.936265
github/big-data-lab-team/spot,39.043365,6.8433924
github/flosalbizziae/kataegis,-10.545805,-7.486889
github/MikeHeiber/Excimontec,-15.826443,31.981356
github/sibyllema/Fast-Multiscale-Diffusion-on-Graphs,59.543198,-10.582542
github/scipy/scipy,11.142893,37.982265
github/klho/FLAM,-9.96927,35.88749
github/dynamicslab/pysindy,24.900166,25.8951
github/benhid/Sequoya,50.048294,-5.0068274
github/vsoch/gridtest,-17.781872,29.167213
github/takfung/ResDisMapper,-17.69528,-13.180035
github/JLiangLab/TransVW,-3.5566208,22.64746
github/alan-turing-institute/MLJ.jl,-10.593082,20.29166
github/alan-turing-institute/DetectorChecker,-32.73584,-13.361838
github/alan-turing-institute/monitoring-ecosystem-resilience,20.17248,24.947266
github/alan-turing-institute/Palaeoanalytics,25.724895,21.500937
github/wonderful1/CNV-PG,42.094707,-0.4314132
github/fumi-github/omicwas,-3.3491335,-15.798735
github/mscroggs/symfem,-9.953388,35.487198
github/mengaldo/PySPOD,32.11759,17.256536
github/votca/xtp,59.797443,-13.60185
github/cbirdferrer/collatrix,4.9390783,19.410595
github/OwenWard/ppdiag,-51.12448,-3.5087383
github/nlesc/embodied-emotions-scripts,7.329222,4.353214
github/nlesc/scriptcwl,2.4600284,10.762586
github/SuLab/Wikidata-phenomizer,58.235245,-14.606175
github/EOSC-LOFAR/lofar-ld,48.40583,-12.815476
github/era-urban/wrfpy,46.81459,-10.439334
github/ketch/nodepy,-9.382052,36.855877
github/ketch/RK-Opt,-26.2339,30.483097
github/AdrianA-T/cytomorph,58.66505,-15.878053
github/gvilitechltd/LibSWIFFT,-18.514395,22.919748
github/omuse-geoscience/omuse,17.929903,30.994
github/bio-phys/BioEn,-26.438046,30.020288
github/FreBio/komics,-0.7692021,-5.4432583
github/learningsimulator/learningsimulator,10.979348,28.55421
github/BioMeCIS-Lab/OpenOmics,18.13343,-3.682201
github/kritiyer/AngioNet,48.729446,1.0952351
github/reality/klarigi,34.165043,1.883726
github/sandmanns/CopyDetective,20.440945,-9.756567
github/dutilh/CAT,-12.182133,-4.1145773
github/Open-ET/flux-data-qaqc,-11.022121,12.275423
github/bihealth/sodar_core,-19.080616,12.882361
github/jmschrei/pomegranate,-7.248172,19.067701
github/nextflow-io/nextflow,3.5879273,-0.048039168
github/biosimulations/Biosimulations,-28.869366,14.713095
github/richteague/disksurf,19.504627,27.965855
github/vwesselkamp/ernie-extension,3.5827515,3.1602907
github/smith-chem-wisc/ProteaseGuru,43.42409,-6.9693623
github/MesserLab/SLiM,-1.3631599,-1.2671975
github/korcsmarosgroup/CytokineLink,56.469482,-12.465416
github/MaayanLab/signature-commons-ui,-0.066101834,10.677496
github/spacetx/starfish,21.366152,16.472513
github/bwa-mem2/bwa-mem2,-3.1723843,-2.6914806
github/cjbarrie/academictwitteR,-37.18397,-21.386023
github/CAMI-challenge/CAMITAX,17.799538,-8.764032
github/s-goldman/Dusty-Evolved-Star-Kit,-18.763731,31.084595
github/opimwue/ddop,-1.0030333,19.09606
github/twopin/CAMP,41.46875,2.1469445
github/htjb/maxsmooth,-28.578785,29.593409
github/chainsawriot/oolong,-44.150124,-6.7086997
github/STAR-Fusion/STAR-Fusion,60.10875,-15.715847
github/MolMeDB/MolMeDB,-50.697186,3.9534588
github/ZhaoXM-Lab/metaMIC,1.930149,-9.860409
github/JamesPaynter/PyGRB,-0.5121231,33.027466
github/drwaseemsheikh/audiometry,28.189604,9.625401
github/jbuisine/macop,-49.400402,5.752755
github/erikbern/ann-benchmarks,-20.185072,16.486547
github/LindaNab/mecor,-56.04454,-0.89614755
github/TRASAL/psrdada-python,36.01108,10.491404
github/IndrajeetPatil/ggstatsplot,-42.81881,-8.775438
github/IndrajeetPatil/statsExpressions,-42.948395,-8.948182
github/kinnala/scikit-fem,-24.123245,29.422468
github/jorisparet/partycls,27.651808,23.253233
github/Jinsl-lab/SDImpute,39.15515,0.9272073
github/cabb99/open3spn2,21.552235,34.33744
github/gtayana/CVRMS,40.27345,0.4810237
github/mingzehuang/latentcor,-36.748653,-10.804448
github/shikhar249/OnionMHC,53.082363,-5.032354
github/girder/viime,18.865364,-3.0320573
github/metaOmics/MetaPath,20.435356,-14.758998
github/0xCoto/Virgo,-3.054275,31.142384
github/BioGearsEngine/core,-14.550064,30.441622
github/arnikz/PIQMIe,48.27831,-7.7871137
github/alicia-ziying-yang/conTEXT-explorer,-1.6851969,6.150284
github/hsci-r/finnish-media-scrapers,8.799033,12.846772
github/LQYoLH/CnnCrispr,54.293873,-3.3487763
github/tidymodels/infer,-55.48521,-1.4682008
github/hpcng/singularity,-17.451038,16.62838
github/GabrielNakamura/FishPhyloMaker,-43.53857,-14.079816
github/symmy596/Polypy,-28.070786,33.21848
github/fakedrtom/oncogemini,-9.543263,-2.377294
github/ylab-hi/ScanITD,40.574234,-1.5376993
github/nevrome/bleiglas,0.46356785,-38.990376
github/thejasvibr/bat_beamshapes,-7.99415,37.342415
github/pmeier/pystiche,12.554108,18.594448
github/Julian/jsonschema,-22.002764,20.284946
github/Ramialison-Lab-ARMI/3DCardiomics,56.470467,-5.822039
github/sibirrer/lenstronomy,9.305445,31.751835
github/Munroe-Meyer-Institute-VR-Laboratory/Biosensor-Framework,-14.697752,29.805792
github/WatsonGroupTCD/J2suscep,-51.50916,6.3044786
github/oruhnau/when2heat,59.880116,-11.418343
github/PGB-LIV/MHCVision,47.60714,-1.3012568
github/ERA-URBAN/fm128_radar,55.20919,-15.363067
github/ERA-URBAN/netcdf2littler,33.103764,17.776695
github/JGCRI/rfasst,-52.91585,-5.185288
github/JGCRI/ambrosia,-17.133604,-16.958467
github/JGCRI/plutus,-39.908943,-23.192959
github/dnonatar/Sequoia,52.88631,-6.0891995
github/ORNL/tx2,10.317088,19.821516
github/temken/obscura,-24.085655,34.2065
github/mariakotouza/TRIP-Tool,43.27023,-4.628594
github/KiranLDA/PAMLr,-52.46037,-3.8153732
github/spectrapepper/spectrapepper,33.45527,13.364091
github/SchlossLab/mikropml,-34.304497,-7.8108897
github/michaeltouati/ESVM,-9.960153,39.43131
github/DreamCloud-Project/McSim-Cycle-accurate-Xbar,40.744503,7.9238157
github/DreamCloud-Project/McSim-TLM-NoC,40.77394,7.757944
github/DreamCloud-Project/McSim-Cycle-accurate-NoC,41.16298,8.060664
github/DreamCloud-Project/AMALTHEA-Microworkload-Generator,56.87926,-14.993009
github/DreamCloud-Project/AMALTHEA-SimGrid,41.834705,8.371018
github/leonzheng2/butterfly,39.445255,4.054576
github/spinicist/riesling,-4.6553407,39.11294
github/AlexanderLabWHOI/EUKulele,-9.796004,-5.181194
github/SamDuffield/bmm,18.136076,26.427422
github/nkallima/sim-universal-construction,-18.214987,22.826864
github/SunilAnandatheertha/PXO,40.589638,10.9339075
github/Merck/BioPhi,37.57173,-3.2486653
github/FlowModelingControl/flowtorch,33.157257,15.534707
github/meta-logic/sequoia,58.4751,-15.1783085
github/tinglabs/scAIDE,-3.455183,-10.482525
github/jGetMove/jGetMove,38.342842,-11.844296
github/d-tear/SIAL,-5.185034,1.0321498
github/vbaliga/gaussplotR,-34.65855,-11.586955
github/JLBLine/WODEN,-29.52941,29.472046
github/TomKellyGenetics/graphsim,-16.968702,-11.189926
github/tidyverse/glue,-9.8125925,-29.552416
github/rcarragh/c212,16.978735,-17.134132
github/metawards/MetaWards,10.917844,26.63782
github/candYgene/abg-ld,47.817223,-12.034005
github/candYgene/pbg-ld,41.898342,-7.2538695
github/candYgene/siga,33.11836,-4.101741
github/candYgene/QTM,46.59065,-7.9068885
github/tekpinar/correlationplus,13.956523,12.668288
github/monarch-initiative/loinc2hpo,7.617914,1.5790052
github/metageni/FOCUS,17.578205,-8.294421
github/Muhammad-Arif-NUST/BVP_Pred_Unb,60.450253,-13.294994
github/signaturescience/skater,-4.1134725,-16.179932
github/netsiphd/netrd,25.695768,22.937195
github/DrMarc/slab,-8.368905,29.497456
github/SouthGreenPlatform/PyRice,9.966688,1.8613311
github/martibosch/detectree,0.19056624,22.867832
github/xfcui/onn4arg,52.670143,-7.2773013
github/Blosc/c-blosc,-22.13837,22.54971
github/mne-tools/mne-python,30.955242,14.940371
github/staphopia/staphopia-paper,-25.921383,-8.320636
github/iobio-zjut/IPTDFold,51.340797,-5.8334537
github/bcgov/bcdata,-28.124142,-33.95728
github/bcgov/shinyssdtools,-13.709892,-17.69838
github/DeepRank/pssmgen,35.305305,-2.1455376
github/DeepRank/deeprank,14.439016,15.944634
github/DeepRank/pdb2sql,12.770308,13.266977
github/DeepRank/iScore,-10.498971,17.633183
github/nicolet5/DiffCapAnalyzer,0.033237983,28.503586
github/KarrLab/de_sim,28.887148,29.560522
github/fruzsinaagocs/oscode,-8.985092,37.98388
github/jameschapman19/cca_zoo,3.8114538,25.122784
github/feature-engine/feature_engine,-50.032936,1.882575
github/cbg-ethz/V-pipe,-6.625971,-4.016308
github/cbg-ethz/PredictHaplo,46.5518,-3.5614915
github/QuantEcon/QuantEcon.py,6.941457,31.399614
github/reproducible-biomedical-modeling/Biosimulations,-28.876621,14.707988
github/ntcockroft/STarFish,42.497356,-4.0894375
github/andr1976/HydDown,-20.064726,35.581696
github/snakemake/snakemake,2.476615,-0.5290315
github/jollejolles/pirecorder,-30.87112,28.476494
github/recipy/recipy,-9.777997,23.875021
github/QibangLiu/PDLSM-FEM_mpi,17.228033,34.54529
github/datalad/datalad,-19.338835,17.733337
github/yiling0210/APIR,-13.394071,-7.533557
github/EskelandLab/ShinyArchRUiO,-3.0944605,-11.496647
github/felixchenier/kineticstoolkit,22.869604,27.199825
github/radio1988/OneStopRNAseq,-28.568125,-9.963622
github/abelson-lab/smMIP-tools,-10.0466795,-6.6478014
github/kostergroup/SIMsalabim,-8.269024,41.216484
github/kegiljarhus/pyBEMT,14.725815,33.333668
github/NLeSC-GO-common-infrastructure/marzipan,3.3541155,6.6136026
github/scikit-hep/pyhf,6.337346,24.025358
github/lnferris/ocean_data_tools,-32.818127,-1.0284019
github/nhejazi/medoutcon,-37.20484,-9.978929
github/nhejazi/txshift,-49.822636,-3.4674509
github/sjvrijn/mf2,11.645766,37.52984
github/Parsl/parsl,9.513435,8.037703
github/lzx325/DeeReCT-APA-repo,18.550909,-7.7903805
github/carnotresearch/cr-sparse,-14.078386,27.137716
github/iomega/spec2vec,16.68245,10.810967
github/iomega/paired-data-form,9.446913,3.424441
github/iomega/zenodo-upload,29.537523,-2.4548774
github/mfruzan/HaploMaker,47.175404,-5.0917635
github/comprna/reorientexpress,-5.8019776,-7.0519605
github/brian-lau/MatlabAUC,35.97268,5.1615686
github/auranic/ClinTrajan,2.163642,26.319927
github/keurfonluu/toughio,24.02135,30.81543
github/labsquare/CutePeaks,24.818174,7.792572
github/AMReX-Astro/Nyx,-22.278437,33.829
github/geospace-code/h5fortran,-22.961658,23.791658
github/pydata/xarray,-10.983216,27.19841
github/research-software-directory/research-software-directory,2.308125,8.99674
github/refresh-bio/whisper,14.97761,-8.921129
github/flintproject/Flint,38.35808,10.372325
github/mbhall88/rasusa,-5.971138,-2.945842
github/mrc-ide/individual,-22.917276,-18.369001
github/CFSAN-Biostatistics/SeroTools,10.931491,-3.3239715
github/sagepublishing/rejected_article_tracker_pkg,19.6092,12.352473
github/mikegrudic/pytreegrav,-47.903423,7.6945233
github/MingBit/PySCNet,13.600892,-1.9041916
github/JuliaQX/QXTools.jl,-9.320076,33.758644
github/jboynyc/textnets,10.163651,18.321115
github/mathjax/MathJax,27.03967,0.7388227
github/NCAS-CMS/cfdm,-29.279278,25.86834
github/ClaudioZandonella/PRDA,-56.586815,-0.8215895
github/soraxas/sbp-env,12.215847,30.775116
github/Computational-NeuroGenetics/deMeta-beta,-2.6132517,-14.081436
github/darioizzo/dcgp,-11.29263,34.186317
github/qMRLab/qMRLab,35.52377,14.01704
github/nonlocalmodels/NLMech,-15.274775,38.134396
github/yatiml/yatiml,-19.669006,20.603731
github/dgarrimar/sqtlseeker2-nf,7.471633,-10.616339
github/biolab/orange3-network,0.12964964,15.008042
github/biolab/orange-bio,-18.341219,-7.8583517
github/biolab/orange3,-7.9082155,17.241714
github/nlesc-sherlock/emma,3.215601,6.2204027
github/nlesc-sherlock/Rig,31.996918,-0.047188066
github/STEllAR-GROUP/hpx,5.7916727,12.442362
github/kendomaniac/docker4seq,-45.06844,-1.4978176
github/kendomaniac/rCASC,-44.516586,-1.9971752
github/KIT-MBS/pyREX,13.733725,12.961011
github/Cantera/cantera,-21.07075,35.689236
github/FEniCS/ffcx,-21.173588,26.190228
github/GooglingTheCancerGenome/sv-gen,42.06792,-5.9932914
github/GooglingTheCancerGenome/sv-callers,14.900794,-6.009271
github/ADAH-EviDENce/evidence,7.0662184,3.3975868
github/Dulab2020/ARMT,-15.820082,-8.809983
github/kutaslab/fitgrid,26.681345,17.55228
github/Singh-Lab/DeMaSk,-5.113666,-6.6198945
github/WGLab/InterVar,-10.803979,-2.666912
github/jiujiezz/tsnad,16.371977,-7.875597
github/tresoldi/ngesh,-1.5160764,-0.4701799
github/neuralgraphs/diman,-48.858864,7.2219687
github/pandas-dev/pandas,3.267207,15.165851
github/EMResearch/EvoMaster,6.22381,2.9365816
github/dellytools/delly,5.838131,-8.533196
github/plotly/dash,0.20442627,11.627078
github/lkmklsmn/DrivAER,40.19119,1.241197
github/NLeSC/PattyData,14.2097,4.9305573
github/NLeSC/SalientDetector-python,34.114162,12.085233
github/NLeSC/spot,37.98465,-8.850875
github/NLeSC/xenon-cli,19.421066,0.49713936
github/NLeSC/hadrianus-scripts,59.69371,-12.915401
github/NLeSC/cptm,8.435059,20.217009
github/NLeSC/baklava,31.277952,-1.5592022
github/NLeSC/case-law-app,40.25727,-11.448966
github/NLeSC/eEcology-Classification,59.27069,-14.234957
github/NLeSC/eEcology-SMS-reciever,40.267918,-8.042911
github/NLeSC/pycoeman,12.564766,6.9856033
github/NLeSC/pattyvis,37.874916,-9.14327
github/NLeSC/MAGMa,15.7886,3.425
github/NLeSC/eSalsa-MPI,12.65484,7.2212906
github/NLeSC/ExtJS-DateTime,49.91302,-12.34791
github/NLeSC/UncertaintyVisualization,30.472271,1.0448575
github/NLeSC/mcfly,22.423033,14.904997
github/NLeSC/OCTSegmentation,58.293728,-13.734424
github/NLeSC/compressing-the-sky,-14.979713,-18.597124
github/NLeSC/nlesc-serverless-boilerplate,-19.041697,13.811346
github/NLeSC/esibayes,59.362854,-15.042778
github/NLeSC/SalientDetector-matlab,58.124638,-7.961814
github/NLeSC/eEcology-Annotation-WS,-19.771164,25.434402
github/NLeSC/docker-couch-admin,43.560642,-11.098823
github/NLeSC/python-pcl,33.82702,11.642504
github/NLeSC/structure-from-motion,19.871843,19.69676
github/NLeSC/eEcology-script-wrapper,23.27174,1.2261157
github/NLeSC/SalientDescriptor-matlab,57.606537,-6.012326
github/NLeSC/xtas,9.252015,12.69173
github/NLeSC/xenon-grpc,39.542114,-7.5366435
github/NLeSC/PattyAnalytics,20.63666,19.830652
github/NLeSC/fairdatapoint,25.632954,2.355986
github/NLeSC/noodles,5.589446,12.233172
github/NLeSC/root-conda-recipes,-8.158004,23.699163
github/NLeSC/ahn-pointcloud-viewer-ws,42.150658,-10.689357
github/NLeSC/ShiCo,-2.5360098,17.66785
github/NLeSC/xenon-flow,10.381862,5.840273
github/NLeSC/osmium,27.678522,-1.7386472
github/NLeSC/python-template,3.594489,9.224212
github/NLeSC/boatswain,24.083899,3.4716825
github/NLeSC/DiVE,29.14015,0.77491176
github/NLeSC/Chemical-Analytics-Platform,40.85134,-9.185779
github/NLeSC/Massive-PotreeConverter,20.235744,18.704178
github/NLeSC/lokum,42.69052,-9.48133
github/NLeSC/eAstroViz,34.807987,12.508157
github/NLeSC/EEG-epilepsy-diagnosis,19.087559,-15.637742
github/dianna-ai/dianna,29.383764,5.270138
github/DidierMurilloF/FielDHub,-46.54315,-7.4272327
github/twesterhout/lattice-symmetries,-11.386321,35.106804
github/tylunel/pvpumpingsystem,15.124842,29.484894
github/thomasdenecker/START-R,43.778786,-0.39370075
github/JanCBrammer/biopeaks,21.81336,7.4861927
github/medema-group/bigslice,38.63739,-2.2981415
github/pyBRAvo/pyBRAvo,13.205445,-1.4573725
github/rajeshrinet/pystokes,-11.211995,39.140484
github/syasini/AstroPaint,-3.5372007,34.455193
github/circuitgraph/circuitgraph,29.115366,28.474556
github/JonasRieger/ldaPrototype,-47.261814,-2.4189825
github/samaygarg/fuelcell,30.47726,11.678174
github/ci-for-research/self-hosted-runners,-20.691666,15.033503
github/KVSlab/turtleFSI,18.401083,34.025517
github/SCECcode/pycsep,-4.0817575,33.027737
github/cupy/cupy,-14.727703,24.723589
github/cobilab/RFSC,47.677307,-5.868331
github/MAnalytics/opitools,-18.5785,-16.91801
github/MAnalytics/akmedoids,-46.64773,-6.700106
github/wtraylor/modular_megafauna_model,-14.550273,32.525734
github/WatsonLab/MAGpy,39.88947,-3.0618346
github/tlverse/hal9001,-36.70017,-10.062991
github/ymocquar/HOODESolver.jl,7.3377028,39.727264
github/johncwok/CategoricalTimeSeries.jl,3.45716,26.381462
github/robashaw/libecpint,-47.747093,6.6645117
github/sebhaan/geobo,-29.9986,30.487902
github/idaholab/moose,-13.25791,32.530937
github/BioinfoUNIBA/REDItools2,-11.635266,-0.41574803
github/BioSTEAMDevelopmentGroup/thermosteam,24.897564,30.536583
github/MrMinimal64/multivar_horner,-24.727839,28.121523
github/spectralcode/OCTproZ,-9.305935,30.069336
github/stammler/simframe,22.435179,30.934042
github/stemangiola/tidyHeatmap,-41.400776,-4.8170505
github/scrook/neuroml-db,14.945607,3.2254434
github/WelbornGroup/ELECTRIC,-19.767525,38.404354
github/statOmics/tradeSeqPaper,-44.209137,-3.5436015
github/statOmics/satuRnPaper,-45.12943,-2.9482713
github/easybuilders/easybuild,-23.705873,19.70702
github/ci-for-science/self-hosted-runners,-20.694862,15.030143
github/EpistasisLab/tpot,-6.661534,18.535666
github/EpistasisLab/regens,-0.60365623,-13.262399
github/BDI-pathogens/OpenABM-Covid19-model-paper,36.758232,0.7697075
github/multiscale/muscle3,-24.986992,24.669611
github/rhayes777/PyAutoFit,-4.1797338,32.64032
github/edwardoughton/itmlogic,19.603294,26.808584
github/NREL/OpenOA,30.568857,18.554808
github/bxlab/metaWRAP,-11.645172,-3.908482
github/scipion-em/scipion-em-continuousflex,34.77998,14.861219
github/pvlib/pvlib-python,-3.4807343,28.972294
github/kkjawz/coref-ee,47.918728,1.7059091
github/ZhaiLab-SUSTech/FLEPSeq,-1.8947151,-5.8262625
github/ewatercycle/era5cli,29.972788,20.028296
github/vishwas1984/LaplaceInterpolation.jl,13.008467,37.482655
github/jdber1/opendrop,16.74437,22.539291
github/esteinig/nanoq,-4.936964,-4.1683087
github/sachsmc/cosinor,-40.163128,-9.70624
github/tbrown122387/pf,26.890259,26.966118
github/fabian-sp/GGLasso,6.5066924,27.87546
github/BrianAronson/birankr,-31.444899,-7.64763
github/hetalang/heta-compiler,-13.219321,30.67155
github/wangchao-malab/DeepAc4C,52.05793,-4.3143764
github/EC-Earth/ece2cmor3,30.76131,20.09525
github/Balaje/iceFem,17.676903,33.99135
github/AstraZeneca/kallisto,39.35853,12.899646
github/benvanwerkhoven/kernel_tuner,-14.089098,25.18911
github/spyder-ide/spyder,0.69582903,13.376226
github/cochran4/GEMB,43.564964,0.30336425
github/freelawproject/eyecite,9.7969055,12.568118
github/cheginit/HyRiver,-9.614023,13.238647
github/weecology/retriever,0.4182122,-24.216688
github/ocean-eddy-cpt/gcm-filters,-4.776809,34.733402
github/jordanlab/STing,-9.957153,-4.0767283
github/statgen/Minimac4,53.70808,-7.9007106
github/UCD4IDS/WaveletsExt.jl,-11.604032,20.485352
github/volkamerlab/opencadd,34.916912,-2.1889725
github/atfrank/PyShifts,44.83861,-0.7747642
github/SteveMacenski/slam_toolbox,16.085438,19.056862
github/pysal/spaghetti,2.5062478,22.142437
github/pysal/pysal,2.6779118,22.183367
github/bio-ontology-research-group/deepgoplus,51.29073,-3.1386104
github/devitocodes/devito,14.820714,35.675068
github/luntergroup/octopus,-9.1514435,-1.1969924
github/HUST-NingKang-Lab/ONN4MST,2.2128606,-10.405673
github/mdsteiner/EFAtools,-47.967445,-4.667428
github/IBM/fold2seq,49.402515,-1.0219624
github/PyTorchLightning/metrics,-4.659153,20.37177
github/codidact/qpixel,18.373413,2.7993658
github/citation-file-format/cff-initializer-javascript,25.37718,1.1201082
github/citation-file-format/cff-converter-python,3.2636862,9.408707
github/citation-file-format/citation-file-format,-26.415913,17.481932
github/citation-file-format/cffconvert-github-action,27.756054,3.1377742
github/jendelel/PrankWebApp,40.37581,-4.6426764
github/JannisHoch/copro,2.0992641,19.296328
github/fair-workflows/nanopub,-16.847471,13.545888
github/fair-workflows/fairworkflows,16.057491,7.574106
github/fair-workflows/NanopubJL,53.55336,-12.4630785
github/aothmane-control/Algebraic-differentiators,36.888805,12.183382
github/davemlz/eemont,-57.30987,3.0154922
github/ShubhadeepSadhukhan1993/fastSF,-48.423534,7.330574
github/LiberTEM/LiberTEM,30.965057,13.96914
github/onnela-lab/beiwe-backend,19.446337,5.368946
github/soedinglab/hh-suite,17.279148,-10.177198
github/FourierFlows/GeophysicalFlows.jl,-13.348596,37.345646
github/lantunes/cellpylib,-23.457785,31.075916
github/ynop/audiomate,-5.0653915,22.69658
github/xoopR/set6,-59.523525,1.7730272
github/InsightSoftwareConsortium/ITK,-11.560256,23.840982
github/Kuifje02/vrpy,-20.241575,28.21173
github/ekaterinailin/AltaiPony,-1.2783484,32.22183
github/anwarbio/bioassays,-30.678606,-12.034638
github/hknd23/idcempy,-41.553726,-9.131113
github/DrDaveShaw/INCHEM-Py,20.037373,29.369028
github/scikit-learn/scikit-learn,19.045689,16.12777
github/herrsalmi/FConverter,54.269505,-8.689956
github/panoptes-organization/panoptes,32.037243,-1.8193893
github/netrias/rnassist,17.793242,-0.7243894
github/pavanvidem/chira,40.385994,-2.4038692
github/cosmo-epfl/chemiscope,20.76686,22.615877
github/DrafProject/elmada,19.811855,25.50291
github/prdm0/ropenblas,-40.11069,-14.330596
github/IMMM-SFA/mosartwmpy,16.665998,29.370348
github/IMMM-SFA/gamut,-26.950754,-36.834373
github/mortonne/psifr,-4.6858582,16.10061
github/brainglobe/bg-atlasapi,34.065918,8.907837
github/danhey/maelstrom,8.69713,32.00186
github/ropensci-archive/monkeylearn,-18.151056,-28.346222
github/ropensci-archive/rodev,2.784509,-32.818607
github/ropensci-archive/arresteddev,36.711773,-14.690393
github/ropensci-archive/reviewer,-21.059904,-20.123627
github/JuliaSmoothOptimizers/DCISolver.jl,9.5318365,36.42439
github/benjaminbolling/DynaGUI,-0.8923957,28.353256
github/SNEWS2/snewpy,1.6694233,33.83159
github/ArenA-Crowds/Crowds,-15.014283,31.502417
github/nlesc-ave/ave-rest-service,3.29703,-4.3859925
github/timoast/signac,-27.776676,-9.427231
github/lskatz/SneakerNet,1.7556155,-6.2708874
github/Climdyn/qgs,-21.634298,32.69697
github/TNOCS/csWeb,28.953579,-0.57603943
github/meenakshi-kushwaha/mmaqshiny,-30.765278,-38.66952
github/hiddenSymmetries/simsopt,-22.563122,32.773636
github/johannes-titz/cofad,-44.361404,-8.018536
github/sap218/jabberwocky,-1.3388301,6.004366
github/joglekara/VlaPy,-10.557221,38.514
github/bokunoBike/m6AGE,58.203102,-11.652393
github/KTH-Nek5000/UQit,-7.197372,35.06841
github/curl/curl,-15.719501,18.83247
github/COVID-IWG/epimargin,26.9193,15.51434
github/VincentAlcazer/StatAid,-15.169503,-16.86563
github/wilsonrljr/sysidentpy,-19.890547,29.51237
github/MelanieKahl/MechAnalyze,56.036633,-5.5675936
github/SynthSys/pyOmeroUpload,43.090145,-7.7003517
github/MillionConcepts/lhorizon,22.772572,25.783455
github/dmey/synthia,6.85456,26.062117
github/rdicosmo/parmap,29.43126,14.319526
github/Filter-Bubble/stroll,22.12203,13.757313
github/Filter-Bubble/e2e-Dutch,36.311043,2.6864746
github/hope-data-science/tidyfst,-16.290716,-22.608948
github/bshoshany/OGRe,-8.83812,34.783443
github/klevis-a/kinematics-vis,22.387156,8.417602
github/andyphilips/dynamac,-50.39671,-1.2706947
github/amkram/shusher,5.2482114,-4.6722865
github/CRG-CNAG/anubis,57.230076,-16.338533
github/HUST-DataMan/FRMC,54.338432,-6.57901
github/anmolter/XLUR,-57.0707,2.2346516
github/AA-ALERT/Dedispersion,29.392965,10.729998
github/AA-ALERT/AstroData,57.66958,-7.491824
github/AA-ALERT/AMBER,57.383736,-7.9515324
github/AA-ALERT/frbcat-web,48.536274,-12.130325
github/AA-ALERT/frbcatdb,15.430188,4.3618717
github/damienmarsic/Parent-map,-14.942947,-1.3935218
github/RETURN-project/BenchmarkRecovery,-14.817533,-18.81648
github/mackelab/sbi,5.74437,24.075693
github/li-shaochuan/SEDIM,40.20863,2.001551
github/UUDigitalHumanitieslab/texcavator,26.577353,-1.0833999
github/DataIntellSystLab/KARGA,39.34907,-2.3471646
github/BackofenLab/StoatyDive,1.05534,-9.753258
github/czbiohub/cerebra,7.465308,-8.641507
github/giswqs/lidar,17.811758,26.219334
github/giswqs/leafmap,-8.7347145,14.213698
github/giswqs/geemap,-8.73741,14.2370405
github/gerthmicha/wolbachia-mlst,57.439346,-12.98301
github/azizka/IUCNN,-54.416626,1.1754832
github/abschneider/StrainHub,-4.679923,-12.59433
github/Nico-Curti/rFBP,4.6728344,28.634907
github/elwinter/nnde,13.448607,36.876907
github/singularityhub/singularity-compose,-23.060413,16.672325
github/singularityhub/sregistry,-19.498856,15.002358
github/singularityhub/singularity-hpc,-22.137129,16.32708
github/PfizerRD/sit2standpy,13.175944,22.293922
github/SMI/SmiServices,4.714148,3.9746315
github/PacificBiosciences/pbbioconda,15.741425,-9.589133
github/PacificBiosciences/GenomicConsensus,-0.5001532,-4.2056813
github/epiforecasts/covidregionaldata,-39.0154,-25.127737
github/beagle-dev/beagle-lib,47.601414,-2.558626
github/poldracklab/nitransforms,20.809587,20.537964
github/Yu-Group/veridical-flow,9.479192,21.505083
github/pepamengual/UEP,43.26834,-2.504323
github/SchedMD/slurm,12.071152,7.708595
github/icecube/FIRESONG,7.7146373,32.629005
github/saezlab/PHONEMeS,-17.870674,-10.70756
github/utrillalab/repromin,55.929123,-12.754069
github/eScatter/pyelsepa,58.782223,-6.53077
github/pokynmr/ipick,24.99481,8.750489
github/nextstrain/nextclade,4.3162193,-3.773533
github/UcarLab/AMULET,-8.249117,-6.663759
github/zoometh/iconr,-34.277576,-17.351154
github/biboyd/SALSA,-2.1172354,33.904503
github/pmoulos/metaseqR2,-14.907231,-9.00914
github/JuliaDynamics/DrWatson.jl,8.4525585,36.059864
github/HIPS/autograd,-14.973776,26.199415
github/smog-server/OpenSMOG,36.540443,16.890802
github/deezer/spleeter,23.447298,14.972026
github/euroargodev/argopy,-5.533074,28.525574
github/genome/bam-readcount,-5.3104277,-3.0284414
github/genome/somatic-sniper,-4.919392,-3.040943
github/Effective-Quadratures/Effective-Quadratures,25.234108,26.006231
github/aranyics/ReDCM,44.089252,2.8807461
github/mms-fcul/PypKa,21.349163,35.248386
github/LBNL-ETA/MSWH,15.017116,29.413816
github/lzkelley/kalepy,-28.14961,28.589787
github/semiautomaticgit/SemiAutomaticClassificationPlugin,26.631178,20.837034
github/sonjageorgievska/CClusTera,28.322664,1.0237355
github/TeamLEGWORK/LEGWORK,9.455705,32.05282
github/haoharryfeng/NeuCA,-15.53211,-10.998965
github/ablab/TandemTools,-3.551418,-3.2974296
github/ablab/nerpa,5.2092843,-6.743934
github/sciapp/sampledb,-25.451004,17.4932
github/alexander-shen/rtest,53.72922,-9.819598
github/wangjun1996/VisFeature,-8.791953,-26.543695
github/krober10nd/SeismicMesh,16.607128,35.639805
github/antoinediez/Sisyphe,-23.58452,32.049576
github/pypeit/PypeIt,-29.90939,28.956364
github/davidebolo1993/VISOR,48.424103,-4.4468174
github/davidebolo1993/TRiCoLOR,48.85285,-5.3475614
github/dpryan79/MethylDackel,-7.789021,-2.2567642
github/pyomeca/ezc3d,-9.107757,29.495872
github/pyomeca/biorbd,13.397678,32.212463
github/chasmani/piecewise-regression,8.225274,26.160383
github/rhenanbartels/hrv,12.725863,23.59299
github/dnafinder/uroccomp,53.962536,-9.853911
github/IKNL/vantage6,44.13945,-9.631191
github/tgrimes/SeqNet,-56.901463,0.0687686
github/damcb/tyssue,23.948566,32.187263
github/pymatting/pymatting,12.075944,35.797905
github/lukapecnik/NiaAML,3.7447217,25.109312
github/NKI-CCB/PRECISE,60.975086,-14.991281
github/actris-cloudnet/cloudnetpy,-5.0006227,29.217236
github/Hegghammer/daiR,-22.237154,-21.529093
github/llrs/experDesign,-45.093853,-8.976935
github/ELELAB/CAncer-bioMarker-Prediction-Pipeline-CAMPP,51.190327,-7.413251
github/csinva/imodels,-7.8059573,19.265146
github/samhforbes/PupillometryR,-32.11224,-11.266418
github/arviz-devs/arviz,8.289756,23.709156
github/aiidateam/aiida-core,4.8065314,10.041353
github/aiidateam/kiwipy,10.286009,9.711597
github/shihyuntang/igrins_rv,-0.3882426,32.016132
github/stan-dev/stan,26.71873,26.670078
github/reizio/reiz.io,10.108065,10.53529
github/3D-e-Chem/knime-gpcrdb,-54.17995,2.5002458
github/3D-e-Chem/sygma,50.070858,-1.4997512
github/3D-e-Chem/knime-python-wrapper,14.013443,2.2575538
github/3D-e-Chem/3D-e-Chem-VM,29.893959,-3.6117566
github/3D-e-Chem/knime-klifs,-38.974506,-0.9596454
github/3D-e-Chem/knime-sygma,29.023703,-5.0401077
github/3D-e-Chem/knime-plants,12.039919,1.407707
github/3D-e-Chem/knime-testflow,30.056126,-4.6779413
github/3D-e-Chem/knime-molviewer,13.996503,1.2767577
github/3D-e-Chem/knime-python-node-archetype,13.677671,1.9976225
github/3D-e-Chem/knime-sstea,30.24428,-5.11676
github/3D-e-Chem/kripodb,6.2566724,-0.62696993
github/3D-e-Chem/knime-kripodb,12.423201,1.5952377
github/3D-e-Chem/knime-silicos-it,28.273376,-5.142008
github/3D-e-Chem/knime-pharmacophore,29.385159,-5.0041904
github/3D-e-Chem/tycho-knime-node-archetype,12.994967,2.3604922
github/gridap/Gridap.jl,-28.235165,26.032236
github/ECSHackWeek/impedance.py,21.70539,27.790218
github/lutteropp/NetRAX,-47.57295,5.8203216
github/google/caliban,-18.521238,15.581665
github/CEED/libCEED,-14.594229,37.63274
github/ConorMacBride/mcalf,1.5363928,32.735844
github/conda/conda,-19.586031,18.000734
github/constantAmateur/SoupX,-43.392998,-3.7845864
github/jamesrhester/Lerche.jl,-24.549261,21.853582
github/pmkruyen/dearscholar,20.290495,5.46609
github/pierrepo/autoclassweb,43.41711,-9.091297
github/ImproPhoto/pymicmac,4.8908615,0.91764295
github/JuliaPlots/Makie.jl,-18.881771,25.749046
github/Oftatkofta/cellocity,17.075846,23.382387
github/hcdenbakker/sepia,2.1734655,-7.521155
github/ashleefv/ACEInhibPKPD,17.303736,-16.650738
github/ArgoCanada/argodata,-25.438898,-40.831963
github/tudelft3d/3dfier,-27.311935,17.547497
github/ComparativeGenomicsToolkit/cactus,2.0558403,-3.5870981
github/CouncilDataProject/cookiecutter-cdp-deployment,5.5277133,5.5653725
github/Music-and-Culture-Technology-Lab/omnizart,23.647573,14.942343
github/delve-team/delve,24.240671,18.497025
github/ants-project/ANTs,-52.603825,-1.8947476
github/EddyRivasLab/hmmer,13.341236,-8.394344
github/somefunAgba/NLSIG-COVID19Lab,35.39932,5.473529
github/esa/pagmo2-paper,13.248373,35.303825
github/GaryBAYLOR/mixR,-50.307022,-3.0054576
github/amusecode/amuse,-24.564531,31.183044
github/Leo-Simpson/c-lasso,-9.419903,19.526714
github/julia-wrobel/registr,-54.811638,-0.8518355
github/bokeh/bokeh,2.5459123,14.712276
github/ImperialCollegeLondon/champ,4.22598,7.374436
github/vcflib/vcflib,-9.876549,-0.8434334
github/adamgayoso/totalVI_reproducibility,60.412914,-14.227964
github/athulpg007/AMAT,-5.4344645,31.312866
github/OpenWaterAnalytics/pyswmm,17.585247,30.035927
github/SofieVG/FlowSOM,-42.472954,-4.2807055
github/zarr-developers/zarr-python,-21.676603,20.653643
github/nluetts/NoisySignalIntegration.jl,-27.276297,28.50165
github/koenderks/jaspAudit,-58.584972,1.530906
github/dpseidel/stmove,-25.970081,-34.835327
github/eWaterCycle/eWaterleaf,38.765682,-9.75123
github/eWaterCycle/grpc4bmi,-14.790611,33.427925
github/eWaterCycle/setup-grpc,53.1581,-14.809235
github/eWaterCycle/ewatercycle,21.23443,24.838867
github/eWaterCycle/jupyterlab_thredds,30.959824,0.049625494
github/eWaterCycle/setup-singularity,52.71781,-14.417137
github/eWaterCycle/experiment-launcher,30.518723,-0.45382908
github/eWaterCycle/Cesium-NcWMS,41.363754,-10.022873
github/colour-science/colour,-10.072833,27.141562
github/NLESC-JCER/EigenCuda,55.987938,-1.1912844
github/NLESC-JCER/QMCTorch,-18.107903,38.536114
github/NLESC-JCER/Fortran_Davidson,28.647654,31.939552
github/amanchokshi/EMBERS,2.383631,31.387451
github/dondi/GRNsight,33.206566,-5.7654896
github/Yomguithereal/talisman,9.445326,11.723589
github/jupyter/notebook,0.72067493,11.989083
github/agombolay/ribose-map,40.772415,-2.7814653
github/tariks/peakachu,8.896683,-6.3022995
github/scikit-image/scikit-image,30.618433,14.779329
github/asancpt/caffsim,-14.399335,-17.310751
github/iontorrent/TS,24.846655,-5.2597995
github/DedalusProject/eigentools,23.878893,28.308382
github/ml-evs/matador,-22.290771,37.766693
github/Shyentist/fish-r-man,4.4677424,-35.64219
github/DeltaRCM/pyDeltaRCM,15.8506365,30.24333
github/cma2015/iwa-miRNA,4.6495523,-9.423737
github/dfujim/bfit,35.479572,12.848348
github/berenslab/MorphoPy,26.091972,22.080593
github/snystrom/memes,-24.638031,-9.954048
github/ruanjue/wtdbg2,15.664376,-8.643079
github/exoplanet-dev/exoplanet,8.022943,31.86705
github/bblodfon/emba,-52.722958,-1.1031661
github/coljac/sensie,-1.4988079,22.381426
github/fAndreuzzi/BisPy,-10.136059,33.4677
github/aspuru-guzik-group/funsies,20.895645,1.0419618
github/adithirgis/pollucheck,-30.97111,-38.294117
github/compomics/DeepLC,25.820143,10.941997
github/compomics/COSS,24.813658,7.944982
github/compomics/xilmass,45.176006,-1.1002525
github/lydialucchesi/Vizumap,-33.978672,-34.96213
github/nlppln/nlppln,7.315984,4.6665936
github/21cmFAST/21cmFAST,5.824291,33.37676
github/mjacob1002/Eir,-58.25652,2.3675919
github/arangrhie/merfin,-9.973298,-3.296067
github/icbm-iupui/STAFF,59.063396,-12.325014
github/DeepRegNet/DeepReg,-3.700756,23.355986
github/mggg/ecological-inference,9.08597,25.364416
github/DorianDepriester/mtex2Gmsh,18.6658,34.981857
github/devsim/devsim,20.260916,33.62356
github/marieBvr/virAnnot,-9.096633,-4.9276295
github/DistrictDataLabs/yellowbrick,9.995152,20.953434
github/barbagroup/geoclaw-landspill,19.616213,30.048943
github/alexander-pastukhov/bistablehistory,-50.646873,-2.0874588
github/NeuralEnsemble/PyNN,52.08524,-0.5024866
github/NeuralEnsemble/elephant,25.164755,19.340477
github/twinl/website,59.554447,-16.69698
github/libdynd/dynd-python,-15.819141,23.951366
github/sverhoeven/docker-cartodb,40.271477,-9.5284815
github/ropensci-review-tools/autotest,-38.65189,-16.754234
github/ropensci-review-tools/srr,-49.803463,-4.5236316
github/ropensci-review-tools/pkgstats,-39.33731,-14.917966
github/ropensci-review-tools/roreviewapi,-9.996248,-30.899775
github/ropensci-review-tools/pkgcheck,-20.479969,-20.741848
github/mpievolbio-scicomp/cancer_sim,16.292255,13.820374
github/NicolasHug/Surprise,-4.8819065,17.722698
github/elixir-luxembourg/daisy,18.570004,2.7712739
github/LINNAE-project/SFB-Annotator,-56.33254,2.9734821
github/BartoszBartmanski/StoSpa2,-24.702257,32.580753
github/kerkelae/disimpy,35.594162,11.362377
github/online-behaviour/machine-learning,18.944464,9.861389
github/online-behaviour/find-journalists,49.95763,-13.633835
github/cython/cython,-49.50018,5.1632576
github/bommert/stabm,-59.345448,1.157565
github/BritishGeologicalSurvey/pyvolcans,0.6006447,26.979246
github/YaleTHz/nelly,-26.402287,31.821175
github/qutip/qutip,-10.999423,37.091614
github/puregome/notebooks,0.9198462,7.76585
github/KULL-Centre/DEERpredict,36.457554,16.986776
github/yaml2sbml-dev/yaml2sbml,21.827147,31.449888
github/SCM-NV/qmflows,22.996061,33.707844
github/SCM-NV/pyZacros,-21.490215,36.75409
github/SCM-NV/qmflows-namd,-23.252441,36.810585
github/c3s-magic/c3s-magic-wps,1.7973306,18.862318
github/ecological-cities/home2park,-55.46599,0.76314616
github/ziyewang/ARG_SHINE,52.371376,-5.7137294
github/ziyewang/MetaBinner,11.363831,-8.733151
github/sunpy/sunpy,-6.46975,26.657324
github/imr-framework/OCTOPUS,-4.3630114,39.04997
github/ArneTillmann/AuDoLab,11.278754,17.590067
github/lijing28101/maize_pyrpipe,58.089336,-12.59308
github/grant-m-s/astronomicAL,-8.060486,15.370909
github/niosh-mining/obsplus,36.239014,8.357827
github/bcgsc/longstitch,15.171466,-8.332425
github/hrwakeford/ExoTiC-ISM,1.0023134,32.590656
github/YuLab-SMU/treeio,-21.626034,-15.224503
github/patrickfuchs/buildH,-19.596447,38.028435
github/mjoppich/bioGUItools,55.800785,-16.294401
github/broadinstitute/cromwell,-18.882437,14.640932
github/cicirello/Chips-n-Salsa,-19.523018,23.344698
github/Bahler-Lab/pyphe,5.542937,20.138086
github/3d-pli/fastpli,12.800157,31.473822
github/cjneely10/EukMetaSanity,-10.600645,-4.998507
github/JuliaHCI/ADI.jl,-1.9119433,31.36446
github/vprusso/toqito,-22.959497,29.304441
github/niemasd/CoaTran,40.861668,6.275847
github/ramadatta/CPgeneProfiler,-25.71082,-9.081019
github/ryokbys/nap,-20.919722,37.887043
github/CTU-Bern/presize,-44.14677,-8.485365
github/swiftsim/swiftsimio,-4.1522865,34.96367
github/jakelever/civicmine,-2.3927274,5.0466037
github/Circuitscape/Omniscape.jl,-6.183206,8.297538
github/OncoRNALab/CiLiQuant,7.000065,-9.53547
github/exafmm/exafmm-t,25.857285,32.515186
github/jianghuaijie/scLRTC,39.384632,2.4255495
github/yuansliu/minirmd,55.71168,-9.83661
github/ot483/NetCom,36.896378,0.13607325
github/mtsch/Ripserer.jl,10.578858,37.98291
github/humanfactors/FIPS,-33.912266,-12.551752
github/raredd/kmdata,-57.12828,0.98453605
github/deepskies/deeplenstronomy,-2.2496057,33.82503
github/sisl/POMDPStressTesting.jl,-23.805283,26.265377
github/savage13/sacio,33.093483,17.732065
github/tool-bin/ukbcc,17.246122,5.127517
github/slzarate/parliament2,5.159047,-2.7495282
github/bbbbbbzhou/MDPET,47.715336,1.8900268
github/mpi4jax/mpi4jax,8.145191,18.126669
github/richford/groupyr,19.156504,16.117823
github/ComtekAdvancedStructures/cmstatr,-48.915634,-3.3132107
github/insilico/cncv,-5.117047,-17.831724
github/conda-forge/conda-smithy,-17.855328,16.36333
github/cdslaborg/paramonte,-12.82542,35.326904
github/networkx/networkx,7.5368404,16.675709
github/r-spatialecology/shar,-32.266308,-17.420479
github/cb-geo/mpm,27.713148,30.86803
github/wmalab/EnHiC,24.064058,12.902452
github/jorittmo/singcar,-48.57102,-3.5987136
github/easystats/parameters,-34.711525,-9.510382
github/easystats/effectsize,-43.59166,-8.672239
github/easystats/correlation,-35.426136,-9.533159
github/easystats/performance,-34.986286,-9.606095
github/babelomics/impuSARS,0.9287546,-8.364914
github/Social-Evolution-and-Behavior/anTraX,-11.518293,6.557103
github/RaRe-Technologies/gensim,9.689344,18.805758
github/mazzalab/pyntacle,42.02553,4.7811995
github/SMTG-UCL/surfaxe,-23.432161,37.438404
github/tobiasrausch/alfred,-7.710822,-4.0966806
github/nlesc-nano/ceiba,9.655734,6.6587114
github/nlesc-nano/insilico-server,9.63248,6.682877
github/nlesc-nano/flamingo,16.149559,9.451051
github/nlesc-nano/CAT,-22.909142,37.89136
github/nlesc-nano/swan,14.586495,15.784483
github/nlesc-nano/Moka,10.111722,6.9094906
github/moranegg/AffectationRO,44.08713,-2.744841
github/csbioinfopk/iSumoK-PseAAC,50.5313,-1.9168584
github/pencil-code/pencil-code,22.990757,30.403126
github/PathwayCommons/grounding-search,9.551228,2.7632494
github/shandley/hecatomb,-7.9919324,-5.3022165
github/skypyproject/skypy,24.122732,20.861164
github/VBlesius/RHRT,-50.0115,-5.8342896
github/merenlab/anvio,1.1519488,-5.452392
github/scottleedavis/googleearthtoolbox,61.229176,-13.957356
github/TeamCOMPAS/COMPAS,-24.31106,34.49596
github/tobias-dv-lnu/s4rdm3x,12.326998,3.7750454
github/weizhouUMICH/SAIGE,-9.069751,1.0275738
github/bio-tools/biotoolsSum,28.831507,0.033795536
github/linDing-groups/Deep-4mCW2V,51.848705,-3.42907
github/dgrun/FateID,-46.045975,-2.4597905
github/shilpagarg/WHdenovo,-7.2516975,-1.3632184
github/pikarpov-LANL/Sapsan,56.254147,-3.4191775
github/ranocha/SummationByPartsOperators.jl,-24.56779,28.958067
github/RTIInternational/gobbli,-29.356182,16.237993
github/biocore/scikit-bio,22.408361,10.790053
github/containers/podman,-50.79494,4.2018566
github/algo-cancer/CAMMiQ,-14.267354,-2.0017757
github/ReGIS-org/regis-v2,51.84835,-11.704791
github/PyTables/PyTables,-15.924637,22.525133
github/msalibian/RBF,-35.828545,-10.754142
github/CornellLabofOrnithology/auk,-44.726734,-18.148808
github/LSARP/ProteomicsQC,17.220829,3.3486156
github/galsci/pysm,0.8685832,33.338226
github/adigenova/wengan,16.300001,-9.048344
github/soerendip/ms-mint,21.711325,7.428571
github/upb-lea/gym-electric-motor,-20.909351,31.472546
github/upb-lea/openmodelica-microgrid-gym,12.404725,29.552446
github/lucian-ilie/DELPHI,52.044395,-6.0524344
github/astropy/astropy,5.6982665,32.053852
github/dmnfarrell/snpgenie,5.452144,-7.916858
github/dmnfarrell/epitopepredict,6.965501,-7.264514
github/ihrke/pypillometry,26.099041,17.820969
github/tramarobin/fctSPM,-5.069526,14.18372
github/teamPSG/kNN_Sleep_Scorer_kNNSS,18.16406,-15.924867
github/r-cas/caracas,8.071725,40.047947
github/dansarie/sboxgates,29.295683,28.134892
github/ejikeugba/serp,-15.60809,-15.577704
github/OpenMDAO/dymos,-12.411593,37.12864
github/kavonrtep/dante,-0.42253175,-7.1933722
github/jimmink/argslab,61.19639,-12.126787
github/sambit-giri/tools21cm,1.9747353,32.826202
github/spack/spack,-15.162327,18.90327
github/traja-team/traja,25.279636,18.028584
github/JoelForamitti/agentpy,10.338848,27.593302
github/dask/dask,6.9622326,16.52331
github/hansenjohnson/WhaleMap,3.7635424,-36.17037
github/telatin/qax,-14.98875,-1.3881071
